PRODUCT_NAME,TAXONOMY_INDEX,ADDITIONAL_DETAILS,ACQUISITION_COST,SALE_COST,QUANTITY,WAREHOUSE_NAME,CITY,STATE,COUNTRY_NAME,CREATION_DATE,DETAIL_1,DETAIL_2,DETAIL_3,DETAIL_4,PROFIT,TOTAL_PROFIT,PROFIT_AFTER_TAX,L1,L2,L3
Samsung MZ-75E120B/AM,True,"Series:850 EVO-Series,Type:SSD,Capacity:120GB,Cache:N/A",74.41,88.99,227.0,San Francisco,San Francisco,United States,California,2000-04-01,Series:850 EVO-Series,Type:SSD,Capacity:120GB,Cache:N/A,14.579999999999998,3309.6599999999994,3309.6599999999994,Hardware,Other,Unclassified
G.Skill Ripjaws V Series,True,"Speed:DDR4-3333,Type:288-pin DIMM,CAS:16Module:4x16GBSize:64GB",618.63,704.99,37.0,Bombay,Bombay,India,Maharashtra,2000-01-05,Speed:DDR4-3333,Type:288-pin DIMM,CAS:16Module:4x16GBSize:64GB,,86.36000000000001,3195.3200000000006,3195.3200000000006,Hardware,Memory,RAM
Gigabyte X299 AORUS Gaming 3,True,"CPU:LGA2066,Form Factor:ATX,RAM Slots:8,Max RAM:128GB",227.48,280.98,41.0,Sydney,Sydney,Australia,New South Wales,2000-09-05,CPU:LGA2066,Form Factor:ATX,RAM Slots:8,Max RAM:128GB,53.50000000000003,2193.5000000000014,2193.5000000000014,Hardware,Memory,RAM
Corsair Vengeance LPX,True,"Speed:DDR4-3200,Type:288-pin DIMM,CAS:15Module:4x16GBSize:64GB",571.7,645.99,107.0,San Francisco,South San Francisco,California,United States,,Speed:DDR4-3200,Type:288-pin DIMM,CAS:15Module:4x16GBSize:64GB,,74.28999999999996,7949.029999999996,7949.029999999996,Hardware,Memory,RAM
Zotac ZT-P10810C-10P,True,"Chipset:GeForce GTX 1080 Ti,Memory:11GBCore Clock:1.65GHz",535.03,759.99,209.0,Toronto,Toronto,Canada,Ontario,,Chipset:GeForce GTX 1080 Ti,Memory:11GBCore Clock:1.65GHz,,,224.96000000000004,47016.64000000001,47016.64000000001,Hardware,Other,Unclassified
MSI GTX 980 Ti Gaming 6G,True,"Chipset:GeForce GTX 980 Ti,Memory:6GBCore Clock:1.18GHz",539.98,745.32,151.0,Sydney,Sydney,Australia,New South Wales,,Chipset:GeForce GTX 980 Ti,Memory:6GBCore Clock:1.18GHz,,,205.34000000000003,31006.340000000004,31006.340000000004,Hardware,GPU,Graphics
Western Digital WD1003FZEX,True,"Series:BLACK SERIES,Type:7200RPM,Capacity:1TB,Cache:64MB",61.76,70.89,124.0,Beijing,Beijing,China,Beijing,,Series:BLACK SERIES,Type:7200RPM,Capacity:1TB,Cache:64MB,9.130000000000004,1132.1200000000003,1132.1200000000003,Hardware,Other,Unclassified
G.Skill Trident Z,True,"Speed:DDR4-3600,Type:288-pin DIMM,CAS:17Module:4x16GBSize:64GB",594.04,768.99,26.0,Beijing,Beijing,China,Beijing,,Speed:DDR4-3600,Type:288-pin DIMM,CAS:17Module:4x16GBSize:64GB,,174.95000000000005,4548.700000000001,4548.700000000001,Hardware,Memory,RAM
PNY VCGGTX1080T11XGPB-OC,True,"Chipset:GeForce GTX 1080 Ti,Memory:11GBCore Clock:1.53GHz",600.92,759.99,59.0,Mexico City,Monterrey,Mexico,Nuevo Leon,2001-03-11,Chipset:GeForce GTX 1080 Ti,Memory:11GBCore Clock:1.53GHz,,,159.07000000000005,9385.130000000005,9385.130000000005,Hardware,GPU,Graphics
G.Skill Ripjaws V Series,True,"Speed:DDR4-3000,Type:288-pin DIMM,CAS:14Module:8x16GBSize:128GB",1139.87,1318.99,244.0,San Francisco,South San Francisco,California,United States,,Speed:DDR4-3000,Type:288-pin DIMM,CAS:14Module:8x16GBSize:128GB,,179.12000000000012,43705.28000000003,43705.28000000003,Hardware,Memory,RAM
G.Skill Trident Z,True,"Speed:DDR4-3200,Type:288-pin DIMM,CAS:14Module:4x16GBSize:64GB",585.26,713.99,6.0,Bombay,Bombay,India,Maharashtra,2002-11-04,Speed:DDR4-3200,Type:288-pin DIMM,CAS:14Module:4x16GBSize:64GB,,128.73000000000002,772.3800000000001,772.3800000000001,Hardware,Memory,RAM
Intel Xeon E5-2643 V4 (OEM/Tray),True,"Speed:3.4GHz,Cores:6,TDP:135W",1225.59,1708.86,133.0,Mexico City,Monterrey,Mexico,Nuevo Leon,,Speed:3.4GHz,Cores:6,TDP:135W,,483.27,64274.91,64274.91,Hardware,CPU,Server CPU
MSI X99A GODLIKE GAMING CARBON,True,"CPU:LGA2011-3,Form Factor:EATX,RAM Slots:8,Max RAM:128GB",415.0,549.59,165.0,Bombay,Bombay,India,Maharashtra,,CPU:LGA2011-3,Form Factor:EATX,RAM Slots:8,Max RAM:128GB,134.59000000000003,22207.35000000001,22207.35000000001,Hardware,Memory,RAM
Intel Xeon E5-2687W V3,True,"Speed:3.1GHz,Cores:10,TDP:160W",1781.47,2064.99,69.0,New Jersey,South Brunswick,United States,New Jersey,2002-06-09,Speed:3.1GHz,Cores:10,TDP:160W,,283.5199999999997,19562.879999999983,19562.879999999983,Hardware,CPU,Server CPU
G.Skill Ripjaws V Series,True,"Speed:DDR4-3200,Type:288-pin DIMM,CAS:15Module:4x16GBSize:64GB",517.78,686.99,65.0,Sydney,Sydney,Australia,New South Wales,2002-03-12,Speed:DDR4-3200,Type:288-pin DIMM,CAS:15Module:4x16GBSize:64GB,,169.21000000000004,10998.65,10998.65,Hardware,Memory,RAM
Kingston,True,"Speed:DDR3-1600,Type:240-pin DIMM,CAS:11Module:4x8GBSize:32GB",566.98,653.5,142.0,Beijing,Beijing,China,Beijing,,Speed:DDR3-1600,Type:240-pin DIMM,CAS:11Module:4x8GBSize:32GB,,86.51999999999998,12285.839999999997,12285.839999999997,Hardware,Memory,RAM
Intel DP35DPM,True,"CPU:LGA775,Form Factor:ATX,RAM Slots:4,Max RAM:8GB",626.22,789.79,30.0,Sydney,Sydney,Australia,New South Wales,,CPU:LGA775,Form Factor:ATX,RAM Slots:4,Max RAM:8GB,163.56999999999994,4907.099999999999,4907.099999999999,Hardware,Memory,RAM
G.Skill Trident Z,True,"Speed:DDR4-3200,Type:288-pin DIMM,CAS:14Module:8x8GBSize:64GB",647.83,760.99,232.0,Sydney,Sydney,Australia,New South Wales,2003-02-06,Speed:DDR4-3200,Type:288-pin DIMM,CAS:14Module:8x8GBSize:64GB,,113.15999999999995,26253.11999999999,26253.11999999999,Hardware,Memory,RAM
Crucial,True,"Speed:DDR4-2133,Type:288-pin DIMM,CAS:15Module:4x16GBSize:64GB",590.13,766.11,35.0,Sydney,Sydney,Australia,New South Wales,2003-07-06,Speed:DDR4-2133,Type:288-pin DIMM,CAS:15Module:4x16GBSize:64GB,,175.98000000000002,6159.300000000001,6159.300000000001,Hardware,Memory,RAM
Intel DG43RK,True,"CPU:LGA775,Form Factor:Micro ATX,RAM Slots:4,Max RAM:8GB",219.69,289.79,49.0,Toronto,Toronto,Canada,Ontario,,CPU:LGA775,Form Factor:Micro ATX,RAM Slots:4,Max RAM:8GB,70.10000000000002,3434.900000000001,3434.900000000001,Hardware,Memory,RAM
EVGA 11G-P4-6696-KR,True,"Chipset:GeForce GTX 1080 Ti,Memory:11GBCore Clock:1.56GHz",594.46,759.99,118.0,New Jersey,South Brunswick,United States,New Jersey,,Chipset:GeForce GTX 1080 Ti,Memory:11GBCore Clock:1.56GHz,,,165.52999999999997,19532.54,19532.54,Hardware,Other,Unclassified
Seagate ST2000DX002,True,"Series:FireCuda,Type:Hybrid,Capacity:2TB,Cache:64MB",64.48,90.99,136.0,Beijing,Beijing,China,Beijing,2004-12-06,Series:FireCuda,Type:Hybrid,Capacity:2TB,Cache:64MB,26.50999999999999,3605.359999999999,3605.359999999999,Hardware,Other,Unclassified
Zotac ZT-P10810A-10P,True,"Chipset:GeForce GTX 1080 Ti,Memory:11GBCore Clock:1.48GHz",702.35,849.99,63.0,Mexico City,Monterrey,Mexico,Nuevo Leon,,Chipset:GeForce GTX 1080 Ti,Memory:11GBCore Clock:1.48GHz,,,147.64,9301.32,9301.32,Hardware,Other,Unclassified
G.Skill Trident Z,True,"Speed:DDR4-3200,Type:288-pin DIMM,CAS:14Module:8x8GBSize:64GB",556.8,758.99,169.0,Bombay,Bombay,India,Maharashtra,,Speed:DDR4-3200,Type:288-pin DIMM,CAS:14Module:8x8GBSize:64GB,,202.19000000000003,34170.11000000001,34170.11000000001,Hardware,Memory,RAM
Corsair Dominator Platinum,True,"Speed:DDR4-2666,Type:288-pin DIMM,CAS:15Module:8x16GBSize:128GB",1068.66,1264.99,43.0,Beijing,Beijing,China,Beijing,,Speed:DDR4-2666,Type:288-pin DIMM,CAS:15Module:8x16GBSize:128GB,,196.32999999999996,8442.189999999997,8442.189999999997,Hardware,Memory,RAM
Zotac ZT-70203-10P,True,"Chipset:GeForce GTX 780,Memory:3GBCore Clock:1.01GHz",580.42,820.61,76.0,Toronto,Toronto,Canada,Ontario,2004-01-11,Chipset:GeForce GTX 780,Memory:3GBCore Clock:1.01GHz,,,240.19000000000003,18254.44,18254.44,Hardware,Other,Unclassified
PNY SSD9SC240GMDA-RB,True,"Series:XLR8,Type:SSD,Capacity:240GB,Cache:N/A",58.4,80.72,176.0,Toronto,Toronto,Canada,Ontario,,Series:XLR8,Type:SSD,Capacity:240GB,Cache:N/A,22.32,3928.32,3928.32,Hardware,Storage,SSD
Corsair Vengeance LPX,True,"Speed:DDR4-3200,Type:288-pin DIMM,CAS:15Module:8x8GBSize:64GB",565.73,699.99,56.0,Sydney,Sydney,Australia,New South Wales,,Speed:DDR4-3200,Type:288-pin DIMM,CAS:15Module:8x8GBSize:64GB,,134.26,7518.559999999999,7518.559999999999,Hardware,Memory,RAM
PNY VCGGTX780T3XPB-OC,True,"Chipset:GeForce GTX 780 Ti,Memory:3GBCore Clock:980MHz",592.12,749.99,63.0,Toronto,Toronto,Canada,Ontario,,Chipset:GeForce GTX 780 Ti,Memory:3GBCore Clock:980MHz,,,157.87,9945.81,9945.81,Hardware,GPU,Graphics
ASRock EP2C602-4L/D16,True,"CPU:LGA2011 x 2,Form Factor:SSI EEB,RAM Slots:16,Max RAM:512GB",225.47,301.99,43.0,Beijing,Beijing,China,Beijing,,CPU:LGA2011 x 2,Form Factor:SSI EEB,RAM Slots:16,Max RAM:512GB,76.52000000000001,3290.3600000000006,3290.3600000000006,Hardware,Memory,RAM
Corsair Dominator Platinum,True,"Speed:DDR4-3466,Type:288-pin DIMM,CAS:16Module:4x16GBSize:64GB",609.89,749.99,72.0,"Seattle, Washington",Seattle,United States,Washington,2006-06-02,Speed:DDR4-3466,Type:288-pin DIMM,CAS:16Module:4x16GBSize:64GB,,140.10000000000002,10087.2,10087.2,Hardware,Memory,RAM
Gigabyte GV-N1070WF2OC-8GD,True,"Chipset:GeForce GTX 1070,Memory:8GBCore Clock:1.56GHz",551.62,769.99,266.0,"Seattle, Washington",Seattle,United States,Washington,2006-04-05,Chipset:GeForce GTX 1070,Memory:8GBCore Clock:1.56GHz,,,218.37,58086.42,58086.42,Hardware,Other,Unclassified
SanDisk SDSSDA-240G-G26,True,"Series:SSD PLUS,Type:SSD,Capacity:240GB,Cache:N/A",61.1,83.88,81.0,San Francisco,South San Francisco,California,United States,2007-08-03,Series:SSD PLUS,Type:SSD,Capacity:240GB,Cache:N/A,22.779999999999998,1845.18,1845.18,Hardware,Storage,SSD
Kingston,True,"Speed:DDR3-1600,Type:240-pin DIMM,CAS:11Module:4x16GBSize:64GB",474.18,644.0,6.0,Bombay,Bombay,India,Maharashtra,2007-05-06,Speed:DDR3-1600,Type:240-pin DIMM,CAS:11Module:4x16GBSize:64GB,,169.82,1018.92,1018.92,Hardware,Memory,RAM
Asus MAXIMUS IX CODE,True,"CPU:LGA1151,Form Factor:ATX,RAM Slots:4,Max RAM:64GB",266.15,298.98,58.0,Mexico City,Monterrey,Mexico,Nuevo Leon,2007-03-08,CPU:LGA1151,Form Factor:ATX,RAM Slots:4,Max RAM:64GB,32.83000000000004,1904.1400000000024,1904.1400000000024,Hardware,Memory,RAM
Corsair Dominator Platinum,True,"Speed:DDR4-2666,Type:288-pin DIMM,CAS:15Module:8x8GBSize:64GB",537.63,659.99,29.0,Bombay,Bombay,India,Maharashtra,2007-12-10,Speed:DDR4-2666,Type:288-pin DIMM,CAS:15Module:8x8GBSize:64GB,,122.36,3548.4400000000005,3548.4400000000005,Hardware,Memory,RAM
PNY VCGGTX1080T11XGPB-OC,True,"Chipset:GeForce GTX 1080 Ti,Memory:11GBCore Clock:1.53GHz",600.92,759.99,131.0,"Southlake, Texas",Southlake,Texas,United States,,Chipset:GeForce GTX 1080 Ti,Memory:11GBCore Clock:1.53GHz,,,159.07000000000005,20838.17000000001,18754.353000000006,Hardware,GPU,Graphics
ASRock EP2C602-4L/D16,True,"CPU:LGA2011 x 2,Form Factor:SSI EEB,RAM Slots:16,Max RAM:512GB",225.47,301.99,78.0,Toronto,Toronto,Canada,Ontario,,CPU:LGA2011 x 2,Form Factor:SSI EEB,RAM Slots:16,Max RAM:512GB,76.52000000000001,5968.56,5968.56,Hardware,Memory,RAM
Crucial,True,"Speed:DDR4-2133,Type:288-pin DIMM,CAS:15Module:4x16GBSize:64GB",590.13,766.11,76.0,"Seattle, Washington",Seattle,United States,Washington,,Speed:DDR4-2133,Type:288-pin DIMM,CAS:15Module:4x16GBSize:64GB,,175.98000000000002,13374.48,13374.48,Hardware,Memory,RAM
AMD 100-5056062,True,"Chipset:Vega Frontier Edition Liquid,Memory:16GBCore Clock:1.5GHz",1343.84,1499.99,84.0,Toronto,Toronto,Canada,Ontario,2009-02-06,Chipset:Vega Frontier Edition Liquid,Memory:16GBCore Clock:1.5GHz,,,156.1500000000001,13116.600000000008,13116.600000000008,Hardware,Other,Unclassified
Intel Core i7-6950X (OEM/Tray),True,"Speed:3.0GHz,Cores:10,TDP:140W",1479.56,1704.37,101.0,San Francisco,South San Francisco,California,United States,2009-03-07,Speed:3.0GHz,Cores:10,TDP:140W,,224.80999999999997,22705.809999999998,22705.809999999998,Hardware,CPU,Desktop CPU
MSI GTX 1080 TI AERO 11G OC,True,"Chipset:GeForce GTX 1080 Ti,Memory:11GBCore Clock:1.51GHz",715.72,798.26,170.0,"Southlake, Texas",Southlake,Texas,United States,,Chipset:GeForce GTX 1080 Ti,Memory:11GBCore Clock:1.51GHz,,,82.53999999999996,14031.799999999994,10523.849999999997,Hardware,GPU,Graphics
PNY VCQM6000-PB,True,"Chipset:Quadro M6000,Memory:12GBCore Clock:988MHz",2505.04,3254.99,133.0,Mexico City,Monterrey,Mexico,Nuevo Leon,,Chipset:Quadro M6000,Memory:12GBCore Clock:988MHz,,,749.9499999999998,99743.34999999998,99743.34999999998,Hardware,Other,Unclassified
Asus RAMPAGE V EXTREME,True,"CPU:LGA2011-3,Form Factor:EATX,RAM Slots:8,Max RAM:64GB",459.0,572.96,149.0,San Francisco,South San Francisco,California,United States,,CPU:LGA2011-3,Form Factor:EATX,RAM Slots:8,Max RAM:64GB,113.96000000000004,16980.040000000005,16980.040000000005,Hardware,Memory,RAM
Asus VANGUARD B85,True,"CPU:LGA1150,Form Factor:Micro ATX,RAM Slots:4,Max RAM:32GB",258.1,287.0,11.0,Beijing,Beijing,China,Beijing,2010-07-07,CPU:LGA1150,Form Factor:Micro ATX,RAM Slots:4,Max RAM:32GB,28.899999999999977,317.8999999999997,317.8999999999997,Hardware,Memory,RAM
AMD 100-5056062,True,"Chipset:Vega Frontier Edition Liquid,Memory:16GBCore Clock:1.5GHz",1343.84,1499.99,108.0,New Jersey,South Brunswick,United States,New Jersey,,Chipset:Vega Frontier Edition Liquid,Memory:16GBCore Clock:1.5GHz,,,156.1500000000001,16864.20000000001,16864.20000000001,Hardware,Other,Unclassified
EVGA 11G-P4-6696-KR,True,"Chipset:GeForce GTX 1080 Ti,Memory:11GBCore Clock:1.56GHz",594.46,759.99,8.0,Bombay,Bombay,India,Maharashtra,,Chipset:GeForce GTX 1080 Ti,Memory:11GBCore Clock:1.56GHz,,,165.52999999999997,1324.2399999999998,1324.2399999999998,Hardware,Other,Unclassified
Asus X99-E-10G WS,True,"CPU:LGA2011-3,Form Factor:SSI CEB,RAM Slots:8,Max RAM:128GB",582.02,649.0,219.0,"Seattle, Washington",Seattle,United States,Washington,,CPU:LGA2011-3,Form Factor:SSI CEB,RAM Slots:8,Max RAM:128GB,66.98000000000002,14668.620000000004,14668.620000000004,Hardware,Memory,RAM
Intel Xeon E5-2699 V4 (OEM/Tray),True,"Speed:2.2GHz,Cores:22,TDP:145W",1535.62,1756.0,145.0,Sydney,Sydney,Australia,New South Wales,,Speed:2.2GHz,Cores:22,TDP:145W,,220.3800000000001,31955.100000000017,31955.100000000017,Hardware,CPU,Server CPU
Corsair Vengeance LPX,True,"Speed:DDR4-3000,Type:288-pin DIMM,CAS:15Module:8x16GBSize:128GB",912.98,1299.99,118.0,San Francisco,South San Francisco,California,United States,,Speed:DDR4-3000,Type:288-pin DIMM,CAS:15Module:8x16GBSize:128GB,,387.01,45667.18,45667.18,Hardware,Memory,RAM
Intel Xeon E5-2660 V4,True,"Speed:2.0GHz,Cores:14,TDP:105W",1194.03,1388.89,198.0,San Francisco,United States of America,California,United States,,Speed:2.0GHz,Cores:14,TDP:105W,,194.86000000000013,38582.28000000003,38582.28000000003,Hardware,CPU,Server CPU
Intel Core i7-3960X Extreme Edition,True,"Speed:3.3GHz,Cores:6,TDP:130W",800.74,573.41,5.0,Bombay,Bombay,India,Maharashtra,,Speed:3.3GHz,Cores:6,TDP:130W,,-227.33000000000004,-1136.65,-1136.65,Hardware,CPU,Desktop CPU
Intel Xeon E5-2643 V4 (OEM/Tray),True,"Speed:3.4GHz,Cores:6,TDP:135W",1225.59,1708.86,121.0,Beijing,Beijing,China,Beijing,2011-01-07,Speed:3.4GHz,Cores:6,TDP:135W,,483.27,58475.67,58475.67,Hardware,CPU,Server CPU
Intel Core i9-7900X,True,"Speed:3.3GHz,Cores:10,TDP:140W",855.82,1029.99,122.0,Beijing,Beijing,China,Beijing,2011-01-07,Speed:3.3GHz,Cores:10,TDP:140W,,174.16999999999996,21248.739999999994,21248.739999999994,Hardware,CPU,Desktop CPU
Samsung MZ-V6P512BW,True,"Series:960 PRO,Type:SSD,Capacity:512GB,Cache:512MB",223.99,279.99,88.0,San Francisco,South San Francisco,California,United States,,Series:960 PRO,Type:SSD,Capacity:512GB,Cache:512MB,56.0,4928.0,4928.0,Hardware,Other,Unclassified
ATI FirePro W9000,True,"Chipset:FirePro W9000,Memory:6GBCore Clock:975MHz",2785.55,3192.97,127.0,New Jersey,South Brunswick,United States,New Jersey,,Chipset:FirePro W9000,Memory:6GBCore Clock:975MHz,,,407.4199999999996,51742.33999999995,51742.33999999995,Hardware,Other,Unclassified
Intel Xeon E5-2695 V2,True,"Speed:2.4GHz,Cores:12,TDP:115W",1793.53,2259.99,46.0,Mexico City,Monterrey,Mexico,Nuevo Leon,2012-01-08,Speed:2.4GHz,Cores:12,TDP:115W,,466.4599999999998,21457.159999999996,21457.159999999996,Hardware,CPU,Server CPU
EVGA 11G-P4-6598-KR,True,"Chipset:GeForce GTX 1080 Ti,Memory:11GBCore Clock:1.56GHz",663.54,809.99,53.0,Sydney,Sydney,Australia,New South Wales,2013-01-07,Chipset:GeForce GTX 1080 Ti,Memory:11GBCore Clock:1.56GHz,,,146.45000000000005,7761.850000000002,7761.850000000002,Hardware,Other,Unclassified
Zotac ZT-P10810D-10P,True,"Chipset:GeForce GTX 1080 Ti,Memory:11GBCore Clock:1.57GHz",580.1,759.99,222.0,"Southlake, Texas",Southlake,Texas,United States,,Chipset:GeForce GTX 1080 Ti,Memory:11GBCore Clock:1.57GHz,,,179.89,39935.58,29951.685,Hardware,Other,Unclassified
ASRock C2750D4I,True,"CPU:Atom C2750,Form Factor:Mini ITX,RAM Slots:4,Max RAM:64GB",339.55,401.98,113.0,Bombay,Bombay,India,Maharashtra,,CPU:Atom C2750,Form Factor:Mini ITX,RAM Slots:4,Max RAM:64GB,62.43000000000001,7054.590000000001,7054.590000000001,Hardware,Memory,RAM
Gigabyte GA-X99-UD5 WIFI,True,"CPU:LGA2011-3,Form Factor:EATX,RAM Slots:8,Max RAM:64GB",217.83,305.0,141.0,Sydney,Sydney,Australia,New South Wales,,CPU:LGA2011-3,Form Factor:EATX,RAM Slots:8,Max RAM:64GB,87.16999999999999,12290.969999999998,12290.969999999998,Hardware,Memory,RAM
Corsair CB-9060011-WW,True,"Chipset:GeForce GTX 1080 Ti,Memory:11GBCore Clock:1.57GHz",573.51,799.99,29.0,Sydney,Sydney,Australia,New South Wales,2014-10-01,Chipset:GeForce GTX 1080 Ti,Memory:11GBCore Clock:1.57GHz,,,226.48,6567.92,6567.92,Hardware,Other,Unclassified
ASRock X99 Extreme11,True,"CPU:LGA2011-3,Form Factor:EATX,RAM Slots:8,Max RAM:128GB",380.55,469.99,8.0,Beijing,Beijing,China,Beijing,,CPU:LGA2011-3,Form Factor:EATX,RAM Slots:8,Max RAM:128GB,89.44,715.52,715.52,Hardware,Memory,RAM
Western Digital WD5000AACS,True,"Series:Caviar Green,Type:5400RPM,Capacity:500GB,Cache:16MB",20.14,26.99,0.0,Mexico City,Mexico City,Mexico,Nuevo Leon,,Series:Caviar Green,Type:5400RPM,Capacity:500GB,Cache:16MB,6.849999999999998,0.0,0.0,Hardware,Other,Unclassified
G.Skill Ripjaws V Series,True,"Speed:DDR4-3200,Type:288-pin DIMM,CAS:14Module:8x8GBSize:64GB",603.22,721.99,183.0,San Francisco,South San Francisco,California,United States,2015-04-06,Speed:DDR4-3200,Type:288-pin DIMM,CAS:14Module:8x8GBSize:64GB,,118.76999999999998,21734.91,21734.91,Hardware,Memory,RAM
Hitachi HUS724030ALE641,True,"Series:Ultrastar 7K4000,Type:7200RPM,Capacity:3TB,Cache:64MB",54.03,65.92,93.0,San Francisco,South San Francisco,California,United States,2015-09-07,Series:Ultrastar 7K4000,Type:7200RPM,Capacity:3TB,Cache:64MB,11.89,1105.77,1105.77,Hardware,Other,Unclassified
Kingston HyperX Beast,True,"Speed:DDR3-1866,Type:240-pin DIMM,CAS:10Module:8x8GBSize:64GB",708.91,863.05,49.0,Beijing,Beijing,China,Beijing,,Speed:DDR3-1866,Type:240-pin DIMM,CAS:10Module:8x8GBSize:64GB,,154.14,7552.86,7552.86,Hardware,Memory,RAM
Intel Xeon E5-2697 V4,True,"Speed:2.3GHz,Cores:18,TDP:145W",2144.4,2554.99,46.0,Mexico City,Monterrey,Mexico,Nuevo Leon,2016-02-02,Speed:2.3GHz,Cores:18,TDP:145W,,410.5899999999997,18887.139999999985,18887.139999999985,Hardware,CPU,Server CPU
MSI X99A WORKSTATION,True,"CPU:LGA2011-3,Form Factor:ATX,RAM Slots:8,Max RAM:128GB",239.95,289.97,34.0,Sydney,Sydney,Australia,New South Wales,,CPU:LGA2011-3,Form Factor:ATX,RAM Slots:8,Max RAM:128GB,50.02000000000004,1700.6800000000012,1700.6800000000012,Hardware,Memory,RAM
ATI FirePro S9150,True,"Chipset:FirePro S9150,Memory:16GBCore Clock:900MHz",2628.06,3177.44,131.0,"Southlake, Texas",Southlake,Texas,United States,2016-06-06,Chipset:FirePro S9150,Memory:16GBCore Clock:900MHz,,,549.3800000000001,71968.78000000001,64771.90200000002,Hardware,Other,Unclassified
Intel Core i7-5930K,True,"Speed:3.5GHz,Cores:6,TDP:140W",481.56,554.99,136.0,New Jersey,South Brunswick,United States,New Jersey,2016-01-07,Speed:3.5GHz,Cores:6,TDP:140W,,73.43,9986.48,9986.48,Hardware,CPU,Desktop CPU
NVIDIA VCQM4000-PB,True,"Chipset:Quadro M4000,Memory:8GBCore Clock:N/A",682.09,790.0,98.0,Mexico City,Monterrey,Mexico,Nuevo Leon,,Chipset:Quadro M4000,Memory:8GBCore Clock:N/A,,,107.90999999999995,10575.179999999997,10575.179999999997,Hardware,Other,Unclassified
Intel Xeon E5-2630 V3,True,"Speed:2.4GHz,Cores:8,TDP:85W",499.96,629.99,28.0,Bombay,Bombay,India,Maharashtra,2017-03-08,Speed:2.4GHz,Cores:8,TDP:85W,,130.03000000000003,3640.840000000001,3640.840000000001,Hardware,CPU,Server CPU
Intel Xeon E5-2640 V4,True,"Speed:2.4GHz,Cores:10,TDP:90W",738.71,899.99,36.0,Bombay,Bombay,India,Maharashtra,2017-04-11,Speed:2.4GHz,Cores:10,TDP:90W,,161.27999999999997,5806.079999999999,5806.079999999999,Hardware,CPU,Server CPU
Asus Z10PE-D8 WS,True,"CPU:LGA2011-3 x 2,Form Factor:SSI EEB,RAM Slots:8,Max RAM:512GB",504.14,561.59,173.0,San Francisco,South San Francisco,California,United States,2017-06-11,CPU:LGA2011-3 x 2,Form Factor:SSI EEB,RAM Slots:8,Max RAM:512GB,57.450000000000045,9938.850000000008,9938.850000000008,Hardware,Memory,RAM
Intel Xeon E5-2690 V4,True,"Speed:2.6GHz,Cores:14,TDP:135W",1499.26,1994.49,63.0,Toronto,Toronto,Canada,Ontario,,Speed:2.6GHz,Cores:14,TDP:135W,,495.23,31199.49,31199.49,Hardware,CPU,Server CPU
Intel Core i9-7900X,True,"Speed:3.3GHz,Cores:10,TDP:140W",855.82,1029.99,146.0,Sydney,Sydney,Australia,New South Wales,,Speed:3.3GHz,Cores:10,TDP:140W,,174.16999999999996,25428.819999999992,25428.819999999992,Hardware,CPU,Desktop CPU
Intel Xeon E5-2695 V2,True,"Speed:2.4GHz,Cores:12,TDP:115W",1793.53,2259.99,58.0,Sydney,Sydney,Australia,New South Wales,2018-10-06,Speed:2.4GHz,Cores:12,TDP:115W,,466.4599999999998,27054.67999999999,27054.67999999999,Hardware,CPU,Server CPU
PNY SSD7CS1311-120-RB,True,"Series:CS1311,Type:SSD,Capacity:120GB,Cache:N/A",50.59,57.98,226.0,San Francisco,South San Francisco,California,United States,2018-01-08,Series:CS1311,Type:SSD,Capacity:120GB,Cache:N/A,7.3899999999999935,1670.1399999999985,1670.1399999999985,Hardware,Storage,SSD
G.Skill TridentZ RGB,True,"Speed:DDR4-3200,Type:288-pin DIMM,CAS:14Module:8x16GBSize:128GB",1330.26,1504.99,226.0,San Francisco,South San Francisco,California,United States,,Speed:DDR4-3200,Type:288-pin DIMM,CAS:14Module:8x16GBSize:128GB,,174.73000000000002,39488.98,39488.98,Hardware,Memory,RAM
Zotac ZT-P10810C-10P,True,"Chipset:GeForce GTX 1080 Ti,Memory:11GBCore Clock:1.65GHz",535.03,759.99,135.0,Bombay,Bombay,India,Maharashtra,,Chipset:GeForce GTX 1080 Ti,Memory:11GBCore Clock:1.65GHz,,,224.96000000000004,30369.60000000001,30369.60000000001,Hardware,Other,Unclassified
Corsair Dominator Platinum,True,"Speed:DDR4-2800,Type:288-pin DIMM,CAS:15Module:8x16GBSize:128GB",1131.68,1314.99,66.0,Sydney,Sydney,Australia,New South Wales,,Speed:DDR4-2800,Type:288-pin DIMM,CAS:15Module:8x16GBSize:128GB,,183.30999999999997,12098.459999999995,12098.459999999995,Hardware,Memory,RAM
Corsair Vengeance LPX,True,"Speed:DDR4-2666,Type:288-pin DIMM,CAS:15Module:8x16GBSize:128GB",867.52,1163.99,187.0,Beijing,Beijing,China,Beijing,,Speed:DDR4-2666,Type:288-pin DIMM,CAS:15Module:8x16GBSize:128GB,,296.47,55439.89000000001,55439.89000000001,Hardware,Memory,RAM
Intel Core i7-5930K,True,"Speed:3.5GHz,Cores:6,TDP:140W",481.56,554.99,104.0,"Seattle, Washington",Seattle,United States,Washington,2019-06-06,Speed:3.5GHz,Cores:6,TDP:140W,,73.43,7636.720000000001,7636.720000000001,Hardware,CPU,Desktop CPU
Asus MAXIMUS IX CODE,True,"CPU:LGA1151,Form Factor:ATX,RAM Slots:4,Max RAM:64GB",266.15,298.98,69.0,Sydney,Sydney,Australia,New South Wales,,CPU:LGA1151,Form Factor:ATX,RAM Slots:4,Max RAM:64GB,32.83000000000004,2265.2700000000027,2265.2700000000027,Hardware,Memory,RAM
Western Digital WD1003FZEX,True,"Series:BLACK SERIES,Type:7200RPM,Capacity:1TB,Cache:64MB",61.76,70.89,213.0,San Francisco,South San Francisco,California,United States,,Series:BLACK SERIES,Type:7200RPM,Capacity:1TB,Cache:64MB,9.130000000000004,1944.6900000000005,1944.6900000000005,Hardware,Other,Unclassified
MSI Z170A KRAIT GAMING,True,"CPU:LGA1151,Form Factor:ATX,RAM Slots:4,Max RAM:64GB",262.4,299.89,46.0,Beijing,Beijing,China,Beijing,,CPU:LGA1151,Form Factor:ATX,RAM Slots:4,Max RAM:64GB,37.49000000000001,1724.5400000000004,1724.5400000000004,Hardware,Memory,RAM
Intel Core i7-3930K,True,"Speed:3.2GHz,Cores:6,TDP:130W",509.32,660.0,50.0,Beijing,Beijing,China,Beijing,2020-06-04,Speed:3.2GHz,Cores:6,TDP:130W,,150.68,7534.0,7534.0,Hardware,CPU,Desktop CPU
Intel Xeon E5-2650,True,"Speed:2.0GHz,Cores:8,TDP:95W",869.03,1064.99,195.0,San Francisco,South San Francisco,California,United States,,Speed:2.0GHz,Cores:8,TDP:95W,,195.96000000000004,38212.2,38212.2,Hardware,CPU,Server CPU
G.Skill Ripjaws V Series,True,"Speed:DDR4-3000,Type:288-pin DIMM,CAS:14Module:4x16GBSize:64GB",499.09,645.99,16.0,Bombay,Bombay,India,Maharashtra,,Speed:DDR4-3000,Type:288-pin DIMM,CAS:14Module:4x16GBSize:64GB,,146.90000000000003,2350.4000000000005,2350.4000000000005,Hardware,Memory,RAM
PNY VCQM6000-PB,True,"Chipset:Quadro M6000,Memory:12GBCore Clock:988MHz",2505.04,3.0,193.0,San Francisco,South San Francisco,California,United States,2021-12-03,Chipset:Quadro M6000,Memory:12GBCore Clock:988MHz,,,-2502.04,-482893.72,-482893.72,Hardware,Other,Unclassified
G.Skill Trident Z,True,"Speed:DDR4-3600,Type:288-pin DIMM,CAS:17Module:4x16GBSize:64GB",594.04,768.99,11.0,Bombay,Bombay,India,Maharashtra,,Speed:DDR4-3600,Type:288-pin DIMM,CAS:17Module:4x16GBSize:64GB,,174.95000000000005,1924.4500000000005,1924.4500000000005,Hardware,Memory,RAM
Seagate ST2000DM006,True,"Series:Barracuda,Type:7200RPM,Capacity:2TB,Cache:64MB",47.93,66.89,39.0,Beijing,Beijing,China,Beijing,,Series:Barracuda,Type:7200RPM,Capacity:2TB,Cache:64MB,18.96,739.44,739.44,Hardware,Other,Unclassified
Samsung MZ-75E1T0B/AM,True,"Series:850 EVO-Series,Type:SSD,Capacity:1TB,Cache:N/A",260.23,339.99,189.0,Mexico City,Monterrey,Mexico,Nuevo Leon,,Series:850 EVO-Series,Type:SSD,Capacity:1TB,Cache:N/A,79.75999999999999,15074.639999999998,15074.639999999998,Hardware,Other,Unclassified
Western Digital WDS250G1B0A,True,"Series:Blue,Type:SSD,Capacity:250GB,Cache:N/A",72.54,89.89,114.0,San Francisco,South San Francisco,California,United States,,Series:Blue,Type:SSD,Capacity:250GB,Cache:N/A,17.349999999999994,1977.8999999999996,1977.8999999999996,Hardware,Other,Unclassified
Intel Core i7-5930K,True,"Speed:3.5GHz,Cores:6,TDP:140W",481.56,554.99,133.0,"Southlake, Texas",Southlake,Texas,United States,2021-01-12,Speed:3.5GHz,Cores:6,TDP:140W,,73.43,9766.19,8789.571,Hardware,CPU,Desktop CPU
Gigabyte GV-N108TAORUSX W-11GD,True,"Chipset:GeForce GTX 1080 Ti,Memory:11GBCore Clock:1.63GHz",596.05,824.98,32.0,Sydney,Sydney,Australia,New South Wales,2022-10-01,Chipset:GeForce GTX 1080 Ti,Memory:11GBCore Clock:1.63GHz,,,228.9300000000001,7325.760000000002,7325.760000000002,Hardware,Other,Unclassified
MSI GAMING,True,"Chipset:GeForce GTX 780 Ti,Memory:3GBCore Clock:1.02GHz",753.18,849.99,74.0,Toronto,Toronto,Canada,Ontario,2022-09-04,Chipset:GeForce GTX 780 Ti,Memory:3GBCore Clock:1.02GHz,,,96.81000000000006,7163.940000000004,7163.940000000004,Hardware,Other,Unclassified
G.Skill Ripjaws V Series,True,"Speed:DDR4-3200,Type:288-pin DIMM,CAS:16Module:8x8GBSize:64GB",510.93,640.99,12.0,Bombay,Bombay,India,Maharashtra,,Speed:DDR4-3200,Type:288-pin DIMM,CAS:16Module:8x8GBSize:64GB,,130.06,1560.72,1560.72,Hardware,Memory,RAM
Intel Xeon E5-1650 V3,True,"Speed:3.5GHz,Cores:6,TDP:140W",399.77,564.89,113.0,San Francisco,South San Francisco,California,United States,2022-06-06,Speed:3.5GHz,Cores:6,TDP:140W,,165.12,18658.56,18658.56,Hardware,CPU,Server CPU
Zotac ZT-P10810C-10P,True,"Chipset:GeForce GTX 1080 Ti,Memory:11GBCore Clock:1.65GHz",535.03,759.99,185.0,San Francisco,South San Francisco,California,United States,2022-08-10,Chipset:GeForce GTX 1080 Ti,Memory:11GBCore Clock:1.65GHz,,,224.96000000000004,41617.600000000006,41617.600000000006,Hardware,Other,Unclassified
Seagate ST2000DM006,True,"Series:Barracuda,Type:7200RPM,Capacity:2TB,Cache:64MB",47.93,66.89,62.0,Sydney,Sydney,Australia,New South Wales,,Series:Barracuda,Type:7200RPM,Capacity:2TB,Cache:64MB,18.96,1175.52,1175.52,Hardware,Other,Unclassified
Corsair Dominator Platinum,True,"Speed:DDR4-2666,Type:288-pin DIMM,CAS:15Module:8x16GBSize:128GB",1068.66,1264.99,78.0,Toronto,Toronto,Canada,Ontario,2023-06-03,Speed:DDR4-2666,Type:288-pin DIMM,CAS:15Module:8x16GBSize:128GB,,196.32999999999996,15313.739999999994,15313.739999999994,Hardware,Memory,RAM
MSI GTX 1080 TI LIGHTNING X,True,"Chipset:GeForce GTX 1080 Ti,Memory:11GBCore Clock:1.57GHz",742.94,863.98,185.0,New Jersey,South Brunswick,United States,New Jersey,,Chipset:GeForce GTX 1080 Ti,Memory:11GBCore Clock:1.57GHz,,,121.03999999999996,22392.399999999998,22392.399999999998,Hardware,GPU,Graphics
MSI GTX 1080 TI LIGHTNING Z,True,"Chipset:GeForce GTX 1080 Ti,Memory:11GBCore Clock:1.61GHz",688.35,873.98,246.0,New Jersey,South Brunswick,United States,New Jersey,2023-12-04,Chipset:GeForce GTX 1080 Ti,Memory:11GBCore Clock:1.61GHz,,,185.63,45664.98,45664.98,Hardware,GPU,Graphics
G.Skill Ripjaws V Series,True,"Speed:DDR4-3333,Type:288-pin DIMM,CAS:16Module:4x16GBSize:64GB",618.63,704.99,51.0,Beijing,Beijing,China,Beijing,2023-01-05,Speed:DDR4-3333,Type:288-pin DIMM,CAS:16Module:4x16GBSize:64GB,,86.36000000000001,4404.360000000001,4404.360000000001,Hardware,Memory,RAM
ADATA ASU800SS-128GT-C,True,"Series:Ultimate SU800,Type:SSD,Capacity:128GB,Cache:N/A",37.78,52.65,77.0,Toronto,Toronto,Canada,Ontario,,Series:Ultimate SU800,Type:SSD,Capacity:128GB,Cache:N/A,14.869999999999996,1144.9899999999998,1144.9899999999998,Hardware,Other,Unclassified
Intel Xeon E5-2690 V3,True,"Speed:2.6GHz,Cores:12,TDP:135W",1540.35,1908.73,33.0,Beijing,Beijing,China,Beijing,,Speed:2.6GHz,Cores:12,TDP:135W,,368.3800000000001,12156.540000000005,12156.540000000005,Hardware,CPU,Server CPU
Seagate ST31000340NS - FFP,True,"Series:Barracuda ES,Type:7200RPM,Capacity:1TB,Cache:32MB",34.4,43.99,68.0,Mexico City,Toronto,Canada,Ontario,,Series:Barracuda ES,Type:7200RPM,Capacity:1TB,Cache:32MB,9.590000000000003,652.1200000000002,652.1200000000002,Hardware,Other,Unclassified
Zotac ZT-P10810C-10P,True,"Chipset:GeForce GTX 1080 Ti,Memory:11GBCore Clock:1.65GHz",535.03,759.99,150.0,Beijing,Beijing,China,Beijing,,Chipset:GeForce GTX 1080 Ti,Memory:11GBCore Clock:1.65GHz,,,224.96000000000004,33744.00000000001,33744.00000000001,Hardware,Other,Unclassified
Gigabyte GV-N108TAORUSX W-11GD,True,"Chipset:GeForce GTX 1080 Ti,Memory:11GBCore Clock:1.63GHz",596.05,824.98,68.0,"Seattle, Washington",Seattle,United States,Washington,,Chipset:GeForce GTX 1080 Ti,Memory:11GBCore Clock:1.63GHz,,,228.9300000000001,15567.240000000003,15567.240000000003,Hardware,Other,Unclassified
Intel Xeon E5-2640 V2,True,"Speed:2.0GHz,Cores:8,TDP:95W",545.19,608.95,53.0,Sydney,Sydney,Australia,New South Wales,,Speed:2.0GHz,Cores:8,TDP:95W,,63.75999999999999,3379.28,3379.28,Hardware,CPU,Server CPU
Gigabyte GV-N108TAORUSX W-11GD,True,"Chipset:GeForce GTX 1080 Ti,Memory:11GBCore Clock:1.63GHz",596.05,824.98,65.0,Mexico City,Monterrey,Mexico,Nuevo Leon,,Chipset:GeForce GTX 1080 Ti,Memory:11GBCore Clock:1.63GHz,,,228.9300000000001,14880.450000000004,14880.450000000004,Hardware,Other,Unclassified
G.Skill Ripjaws V Series,True,"Speed:DDR4-3200,Type:288-pin DIMM,CAS:14Module:4x16GBSize:64GB",617.62,695.99,24.0,Beijing,Beijing,China,Beijing,,Speed:DDR4-3200,Type:288-pin DIMM,CAS:14Module:4x16GBSize:64GB,,78.37,1880.88,1880.88,Hardware,Memory,RAM
Intel Xeon E5-2699 V3 (OEM/Tray),True,"Speed:2.3GHz,Cores:18,TDP:145W",2867.51,3410.46,141.0,Sydney,Sydney,Australia,New South Wales,,Speed:2.3GHz,Cores:18,TDP:145W,,542.9499999999998,76555.94999999997,76555.94999999997,Hardware,CPU,Server CPU
ATI FirePro S9150,True,"Chipset:FirePro S9150,Memory:16GBCore Clock:900MHz",2628.06,3177.44,11.0,Bombay,Bombay,India,Maharashtra,,Chipset:FirePro S9150,Memory:16GBCore Clock:900MHz,,,549.3800000000001,6043.180000000001,6043.180000000001,Hardware,Other,Unclassified
MSI X99A GODLIKE GAMING CARBON,True,"CPU:LGA2011-3,Form Factor:EATX,RAM Slots:8,Max RAM:128GB",415.0,549.59,221.0,Sydney,Sydney,Australia,New South Wales,2025-07-02,CPU:LGA2011-3,Form Factor:EATX,RAM Slots:8,Max RAM:128GB,134.59000000000003,29744.390000000007,29744.390000000007,Hardware,Memory,RAM
SanDisk SDSSDA-120G-G26,True,"Series:SSD PLUS,Type:SSD,Capacity:120GB,Cache:N/A",52.7,59.99,213.0,San Francisco,San Francisco,United States,California,2025-08-02,Series:SSD PLUS,Type:SSD,Capacity:120GB,Cache:N/A,7.289999999999999,1552.7699999999998,1552.7699999999998,Hardware,Storage,SSD
G.Skill Ripjaws V Series,True,"Speed:DDR4-2800,Type:288-pin DIMM,CAS:14Module:4x16GBSize:64GB",452.54,645.2,74.0,"Seattle, Washington",Seattle,United States,Washington,,Speed:DDR4-2800,Type:288-pin DIMM,CAS:14Module:4x16GBSize:64GB,,192.66000000000005,14256.840000000002,14256.840000000002,Hardware,Memory,RAM
ATI FirePro W9000,True,"Chipset:FirePro W9000,Memory:6GBCore Clock:975MHz",2785.55,3192.97,54.0,Sydney,Sydney,Australia,New South Wales,,Chipset:FirePro W9000,Memory:6GBCore Clock:975MHz,,,407.4199999999996,22000.67999999998,22000.67999999998,Hardware,Other,Unclassified
